model,dataset,recall@1,recall@5,recall@10,flops
DINOv2-SALAD,Pitts30k,92.38556338028168,96.30281690140843,97.3738262910798,0
DINOv2-SALAD,MSLS,88.19920606279321,93.75676651028508,95.10104655359076,0
DINOv2-BoQ,Pitts30k,92.38556338028168,96.30281690140845,97.37382629107981,500
DINOv2-BoQ,MSLS,88.19920606279321,93.75676651028509,95.10104655359076,500
