model,dataset,recall@1,recall@5,recall@10,flops
DINOv2-SALAD,Pitts30k,93.73532863849765,97.03638497652582,97.93133802816901,108022755840.0
