model,dataset,recall@1,recall@5,recall@10,flops,sparsity
sparse-vit-BoQ,Pitts30k,92.38556338028168,96.30281690140843,97.3738262910798,500,0.4
sparse-vit-BoQ,MSLS,88.19920606279321,93.75676651028508,95.10104655359076,500,0.4
sparse-vit-BoQ,Pitts30k,92.38556338028168,96.30281690140845,97.37382629107981,500,0.9
sparse-vit-BoQ,MSLS,88.19920606279321,93.75676651028509,95.10104655359076,500,0.9
