model,dataset,recall@1,recall@5,recall@10,flops,sparsity
sparse-vit-BoQ,Pitts30k,89.64201877934272,94.96772300469485,96.44953051643192,36178524979.600006,0.1
sparse-vit-BoQ,Pitts30k,88.3656103286385,94.08744131455398,95.99471830985915,25183576474.0,0.5
